중소벤처기업협회 공시자료 기준 : http://diva.kvca.or.kr/div/dic/DivDisclsListInq (기준 일자 : 22.02.22),,,,,,,,,
회사명,전화번호,팩스번호,홈페이지주소,종업원수,사업자번호,결산월,주소,설립일자,공시담당자
KT인베스트먼트,02-739-8356,02-739-8358,0,11명 (남:9명/여:2명),426-87-00182,12월,(03154)  서울특별시 종로구 율곡로   6 트윈트리타워 A동 13층,2015-09-17,"최기양 팀장
(02-739-8262)"
NBH캐피탈,02-6471-0662,02-6471-0663,www.ajcapitalpartners.co.kr,8명 (남:6명/여:2명),142-81-08057,12월,(34167)  대전광역시 유성구 한밭대로 400   2층 202호,2007-07-02,"김혜민 과장
(02-6471-0659)"
가이아벤처파트너스,02-6451-5656,02-6451-5050,0,10명 (남:7명/여:3명),295-81-00169,12월,"(06170)  서울특별시 강남구 봉은사로 628   4층(삼성동,ELSON빌딩)",2015-09-22,"김민정 대리
(0264515700)"
경남벤처투자,055-606-0014,055-608-6250,www.gnvi.co.kr,6명 (남:5명/여:1명),174-86-01492,12월,"(51395)  경상남도 창원시 의창구 창원대로18번길 46   14층 11호(팔용동, 경남창원과학기술진흥원)",2019-09-26,"박해원 주임
(010-6740-3107)"
글로넷벤처파트너스,02-6949-3902,02-2135-3466,0,3명 (남:3명/여:0명),313-88-01446,12월,(13554)  경기도 성남시 분당구 정자일로 248   파크뷰상가 601호,2019-11-25,"김동섭 대표이사
(010-5291-1207)"
끌림벤처스,02-3473-1230,02-582-1230,0,6명 (남:4명/여:2명),708-88-01509,12월,"(06644)  서울특별시 서초구 서초중앙로 123   17층(서초동,삼남타워)",2020-03-02,"김진아 파트너
(010-9038-0962)"
나눔엔젤스,1029773200,0,0,5명 (남:3명/여:2명),332-86-01249,12월,(21985)  인천광역시 연수구 송도문화로 119   복합문화센터 비1014호(인천글로벌캠퍼스),2019-01-02,"엄철현 대표이사
(01029773200)"
나우아이비캐피탈,02-565-6234,02-565-6239,www.nauib.com,17명 (남:14명/여:3명),120-87-18329,12월,(06158)  서울특별시 강남구 삼성로 511   골든타워 11층 나우아이비캐피탈(주),2007-08-06,"이재규 전무
(02-565-6234)"
넥스트지인베스트먼트,02-569-5440,02-569-5441,www.Huayivc.com,4명 (남:2명/여:2명),217-81-48969,12월,"(06167)  서울특별시 강남구 삼성로100길 24-1   에이동 2층(삼성동, 오트리스빌딩)",2016-09-19,"순민영 대리
(02-569-5440)"
노틸러스인베스트먼트,7044683410,30334484008,0,12명 (남:8명/여:4명),201-87-01578,12월,"(21999)  인천광역시 연수구 갯벌로 12 (송도동, 미추홀타워(본관))   7-16호",2019-12-02,"안성호 전무
(01089660885)"
다날투자파트너스,031-697-1242,0,0,3명 (남:2명/여:1명),415-81-58284,12월,"(13591)  경기도 성남시 분당구 분당로 55   9층(서현동, 분당 퍼스트타워)",2019-12-05,"김민수 이사
(010-9597-4142)"
다담인베스트먼트,02-563-4050,02-6925-4050,0,11명 (남:9명/여:2명),220-88-59914,12월,"(06139)  서울특별시 강남구 언주로93길 10   3층 (역삼동, 후너스빌딩)",2013-06-20,"박나현 차장
(025634050)"
다윈인베스트먼트,25922378,25992378,0,5명 (남:3명/여:2명),171-86-02075,12월,(06576)  서울특별시 서초구 사평대로22길 6   삼영빌딩 4층,2020-09-10,"강동민 이사
(010-5170-3383)"
대경인베스트먼트,02-553-2304,02-553-2305,www.dgvc.co.kr,10명 (남:9명/여:1명),502-81-88025,12월,"(06164)  서울특별시 강남구 테헤란로87길 22   701호(삼성동, 한국도심공항터미널)",2006-11-10,"이동비 과장
(053-751-2537)"
대교인베스트먼트,02-3289-4980,02-3289-4988,www.daekyoinvest.com,16명 (남:10명/여:6명),120-87-71493,12월,"(06083)  서울특별시 강남구 영동대로 602   삼성동 미켈란107, 4층",2011-07-27,"봉혜림 과장
(02-3289-4994)"
대덕벤처파트너스,042-485-9684,042-485-9685,www.dvpdvp.com,8명 (남:4명/여:4명),318-81-00477,12월,"(34138)  대전광역시 유성구 대학로 179   2층 (궁동,대전스타트업파크 D2)",2014-04-21,"최정주 팀장
(042-485-9684)"
대성창업투자,02-559-2900,02-559-2940,www.daesungpe.com,25명 (남:15명/여:10명),503-81-14448,12월,(06247)  서울 강남구 역삼로 165   해성빌딩 4층,1987-08-22,"김대현 부장
(02-559-2907)"
대한투자파트너스,02-6494-2000,02-6021-2468,www.idhip.com,6명 (남:6명/여:0명),828-81-00431,12월,(06024)  서울특별시 강남구 도산대로37길 19   3층,2016-04-06,"유재형 이사
(010-6271-3592)"
더벤처스,02-588-3811,02-599-3812,0,5명 (남:3명/여:2명),119-86-81882,12월,"(06720)  서울특별시 서초구 서초중앙로 14 (서초동, (주)진로)   16층",2014-01-02,"최웅 이사
(010-7736-7525)"
더시드인베스트먼트,02-6207-0923,02-6207-1223,0,4명 (남:4명/여:0명),720-81-00141,12월,"(04322)  서울특별시 용산구 한강대로 211   102동 604호 (한강로1가, 대우월드마크용산)",2015-07-08,"송명준 대표이사
(010-9349-5405)"
더웰스인베스트먼트,02-552-1203,02-552-1204,www.investwells.com,17명 (남:12명/여:5명),468-86-00501,12월,"(06164)  서울특별시 강남구 테헤란로87길   22, 419호(삼성동, 한국도심공항터미널)",2016-07-12,"김주실 팀장
(02-552-1203)"
데브시스터즈벤처스,02-551-7903,02-551-7900,www.devsistersventures.com,8명 (남:6명/여:2명),164-87-00080,12월,(06164)  서울특별시 강남구 테헤란로87길 22   한국도심공항 711호(삼성동),2015-05-11,"이영란 과장
(02-551-7903)"
데일리파트너스,02-563-0890,02-563-8787,www.dayli.partners,23명 (남:14명/여:9명),120-88-18573,12월,"(06120)  서울특별시 강남구 강남대로 476   15층(논현동, 어반하이브빌딩)",2014-09-17,"천송이 팀장
(02-563-0890)"
델타인베스트먼트,02-6952-0069,0505-333-0069,0,3명 (남:3명/여:0명),656-86-00995,12월,"(06232)  서울특별시 강남구 강남대로 382   1734호 (역삼동, 메리츠타워)",2018-01-19,"이홍세 대표이사
(02-6952-0069)"
도원인베스트먼트,070-4652-3470,070-8282-7727,0,3명 (남:2명/여:1명),496-81-02417,12월,"(06153)  서울특별시 강남구 봉은사로 454 (삼성동, 금탁타워)   4층 401호",2021-12-01,"황승업 상무
(01092840315)"
동문파트너즈,02-2265-0566,02-2261-2509,www.egpartners.co.kr,6명 (남:4명/여:2명),201-86-16564,12월,"(13449)  경기도 성남시 수정구 대왕판교로   815, 7층 719호(시흥동, 판교창조경제밸리 기업지원허브)",2010-01-28,"서지영 팀장
(02-2265-0503)"
동훈인베스트먼트,02-6250-1500,02-6250-1509,www.dhinvestment.co.kr,9명 (남:6명/여:3명),220-87-58581,12월,(06151)  서울특별시 강남구 테헤란로 317   동훈타워 21층,2007-12-11,"정안나 팀장
(02-6250-1500)"
디쓰리쥬빌리파트너스,02-6239-0110,0,0,11명 (남:6명/여:5명),211-88-62507,12월,(06248)  서울특별시 강남구 역삼로 172 (역삼동)   10층,2011-07-01,"문계찬 부장
(02-6239-0110)"
디에스씨인베스트먼트,02-3453-3190,02-3453-3189,www.dscinvestment.com,19명 (남:15명/여:4명),220-88-31804,12월,(04779)  서울시 성동구 뚝섬로1길 10   3층(성수동1가),2012-01-18,"김민지 차장
(02-3453-3195)"
디케이투자파트너스,02-6956-9853,02-6956-9851,0,3명 (남:2명/여:1명),239-81-02357,12월,(06626)  서울특별시 서초구 사임당로 171   8층,2021-06-08,"조정미 부장
(010-6418-8005)"
디티앤인베스트먼트,02-6219-4000,02-6219-4013,www.dtni.co.kr,15명 (남:9명/여:6명),420-86-00042,12월,"(06180)  서울특별시 강남구 테헤란로 516   5층(대치동, 정헌빌딩)",2015-04-07,"이현숙 상무
(02-6219-4004)"
라구나인베스트먼트,269533588,070-8277-3588,0,9명 (남:5명/여:4명),265-88-00847,12월,"(06180)  서울특별시 강남구 테헤란로88길 17   9층(대치동, 세안빌딩)",2018-02-26,"이윤경 차장
(02-6953-3588)"
라이징에스벤처스,042-630-9552,0,www.risingsv.co.kr,4명 (남:3명/여:1명),640-87-01846,12월,(35263)  대전광역시 서구 계룡로583번길 9   6층,2021-04-02,"유지윤 팀장
(010-2290-7714)"
라이트하우스컴바인인베스트,02-578-0323,02-578-0324,www.lhcinvest.com,7명 (남:5명/여:2명),850-81-00632,12월,(44919)  울산시 울주군 언양읍 유니스트길50   114동 806-11호,2017-03-30,"최진희 팀장
(02-578-0323)"
레드배지퍼시픽,02-3452-5980,02-3452-5988,www.redbadgepacific.com,8명 (남:6명/여:2명),881-88-00178,12월,"(06210)  서울특별시 강남구 언주로 432   , 14층(역삼동, IS타워)",2015-11-06,"이정선 과장
(02-3452-5980)"
레오파트너스인베스트먼트,02-516-4171,02-516-4174,0,9명 (남:7명/여:2명),211-88-88166,12월,"(06178)  서울특별시 강남구 테헤란로 504   9층(대치동, 해성빌딩)",2012-12-13,"김수연 이사
(02-516-4171)"
로간벤처스,0,0,0,4명 (남:3명/여:1명),609-86-26999,12월,"(54896)  전라북도 전주시 덕진구 백제대로 567   104호(금암동, 전북대학교창업보육1센터)",2021-01-26,"박상희 대리
(01077219568)"
로그인베스트먼트,02-517-2361,02-517-2364,0,8명 (남:8명/여:0명),651-87-01356,12월,(06048)  서울특별시 강남구 언주로149길 17   3층,2018-12-07,"김효빈 대리
(010-4946-0474)"
롯데벤처스,220511530,220511528,0,12명 (남:10명/여:2명),527-87-00355,12월,"(06160)  서울특별시 강남구 테헤란로69길 5   14층(삼성동, DT센터)",2016-02-01,"김태양 매니저
(01020561228)"
루트벤처스,02-552-4877,02-552-4878,0,3명 (남:2명/여:1명),685-87-02135,12월,"(06133)  서울특별시 강남구 테헤란로 131 (역삼동, 한국지식재산센터)   16층 루트벤처스",2021-09-01,"오병섭 수석심사역
(010-2704-2406)"
린드먼아시아인베스트먼트,070-7019-4001,02-593-3272,www.laic.kr,15명 (남:9명/여:6명),114-86-52854,12월,(06221)  서울특별시 강남구 테헤란로   234(역삼동 삼익빌딩4층),2006-07-05,"류경곤 상무
(070-7019-4021)"
마그나인베스트먼트,02-554-2222,02-554-2199,0,14명 (남:11명/여:3명),120-87-54252,12월,"(06181)  서울특별시 강남구 테헤란로98길   15, 14층 (대치동, 송강빌딩)",2010-05-13,"이승연 사원
(02-554-222)"
마이다스동아인베스트먼트,02-2020-0906,02-2020-0909,0,8명 (남:6명/여:2명),101-86-81009,12월,(03187)  서울특별시 종로구 청계천로 1 동아일보사   18층,2013-05-24,"박설희 과장
(02-2020-0906)"
마젤란기술투자,02-6013-0114,02-6013-0799,0,9명 (남:5명/여:4명),129-86-59581,12월,"(06210)  서울특별시 강남구 테헤란로 306 (역삼동 706-1,카이트타워)   15층",2011-04-18,"유나린 대리
(02-6013-0114)"
마크앤컴퍼니,010-4296-2254,0,0,9명 (남:7명/여:2명),772-88-01489,12월,"(06628)  서울특별시 서초구 강남대로 311   705호(서초동, 드림플러스 강남)",2019-03-11,"장혜승 파트너
(010-4296-2254)"
매쉬업엔젤스,25815871,30334405871,0,11명 (남:6명/여:5명),824-88-00549,12월,(06235)  서울특별시 강남구 테헤란로20길 12   4층,2017-04-05,"신지훈 심사역
(01051163491)"
머스트벤처스,02-6203-5314,262035315,0,8명 (남:4명/여:4명),670-87-01681,12월,(06292)  서울특별시 강남구 언주로30길 39   3층,2020-08-27,"정경아 매니저
(02-6203-5314)"
메가인베스트먼트,02-3453-2540,02-3453-2539,0,11명 (남:8명/여:3명),120-87-79985,12월,"(06634)  서울특별시 서초구 효령로 304, 24층   (서초동 국제전자센터)",2012-03-12,"박기희 상무
(02-3453-2542)"
메디치인베스트먼트,02-561-1881,02-561-1771,.,12명 (남:11명/여:1명),120-87-65633,12월,(06164)  서울특별시 강남구 영동대로 511   트레이드타워 4501호,2011-03-15,()
메디톡스벤처투자,02-6901-5807,02-6280-5802,www.medytoxventure.com,6명 (남:3명/여:3명),460-87-00654,12월,(06180)  서울특별시 강남구 테헤란로 516   10층,2017-07-24,"이은아 대리
(02-6901-5807)"
메이플투자파트너스,02-3453-2582,02-3453-2584,www.mginvest.co.kr,8명 (남:6명/여:2명),602-81-45743,12월,(48939)  부산광역시 중구 중앙대로   88 정석빌딩 305호,2008-05-08,"이진희 팀장
(02-3453-2583)"
무신사파트너스,070-4283-0805,070-8220-3277,0,10명 (남:7명/여:3명),166-88-00900,12월,"(06017)  서울특별시 강남구 언주로172길 25   4층(신사동, 640아트타워)",2018-04-17,"방우진 선임심사역
(010-5556-2975)"
뮤렉스파트너스,02-585-1116,02-546-8238,murexpartners.com,9명 (남:5명/여:4명),623-88-00868,12월,(06021)  서울특별시 강남구 도산대로45길 18-6   2층(신사동),2017-11-15,"신지혜 사원
(02-585-1116)"
뮤어우즈벤처스,02-6204-5847,262045848,0,7명 (남:1명/여:6명),644-88-01689,00월,(06103)  서울특별시 강남구 봉은사로47길 12   2동 1층 102호(논현동),2020-02-28,"이현아 선임매니저
(02-6204-5847)"
미래과학기술지주,042-349-3111,042-861-8827,www.miraeholding.com,9명 (남:6명/여:3명),314-86-58574,12월,(34051)  대전광역시 유성구 문지로 193   카이스트 문지캠퍼스 연구동 3층 미래과학기술지주,2014-03-17,"임새봄 선임매니저
(042-349-3104)"
미래에셋벤처투자,02-6205-2630,02-6205-2680,venture.miraeasset.co.kr,34명 (남:24명/여:10명),211-86-53095,12월,"(13494)  경기 성남시 분당구 판교역로   241번길 20, 지하1층(삼평동, 미래에셋벤처타워빌딩)",1999-06-08,"김수경 선임매니저
(02-6205-2666)"
미시간벤처캐피탈,02-3445-1310,02-3445-1311,www.michiganvc.net,13명 (남:9명/여:4명),220-86-40105,03월,"(06055)  서울시 강남구 도산대로 326   9층 (논현동, 대동타워)",2002-06-10,"임상직 전무
(02-3445-5313)"
베가인베스트먼트파트너스,010-9132-3523,050-4172-3523,0,4명 (남:4명/여:0명),150-86-02267,12월,(13820)  경기도 과천시 은행나무길 25   .,2021-05-04,"방준호 대표이사
(010-9132-3523)"
베이스인베스트먼트,070-7006-0100,070-7610-7553,0,9명 (남:5명/여:4명),490-81-01045,12월,"(06097)  서울특별시 강남구 봉은사로 449 (삼성동, BAMBUTOWER)   10층",2018-02-09,"구윤화 매니저
(010-6430-1310)"
보광창업투자,02-558-2092,02-567-1673,0,14명 (남:9명/여:5명),502-81-13640,12월,"(06181)  서울특별시 강남구 테헤란로 534   10층(대치동, 글라스타워)",1989-06-19,"이은영 부장
(02-558-2139)"
본엔젤스벤처파트너스,1,1,0,14명 (남:7명/여:7명),220-87-96663,12월,(06129)  서울특별시 강남구 논현로119길 16   12동(논현동),2010-03-23,"박민정 수석매니저
(02-564-5770)"
브리즈인베스트먼트,205684909,25684908,0,5명 (남:4명/여:1명),833-86-01500,12월,(06619)  서울특별시 서초구 서운로 138   301호,2019-11-25,"박제무 대표이사
(025684909)"
브릿지폴인베스트먼트,02-2016-6100,02-2016-6101,0,6명 (남:5명/여:1명),120-86-19296,12월,(06164)  서울특별시 강남구 테헤란로87길 36   도심공항타워 2502호,2019-07-18,"김소연 대리
(02-2016-6100)"
브이플랫폼인베스트먼트,02-6205-7355,02-6205-7360,0,6명 (남:5명/여:1명),565-87-00982,12월,"(06162)  서울특별시 강남구 테헤란로 401   302호(삼성동,남경센타)",2018-02-21,"주지예 팀장
(02-6205-7355)"
블루포인트파트너스,042-936-3588,042-936-3533,www.bluepoint.ac,50명 (남:25명/여:25명),318-81-02422,12월,(34139)  대전광역시 유성구 어은로58번길 58   3층,2014-07-03,"김그림 이사
(042-936-3588)"
블리스바인벤처스,02-6956-8507,02-6956-8508,blissvinevc.com/,4명 (남:3명/여:1명),721-87-02159,12월,"(04372)  서울특별시 용산구 청파로20길 95   비동 2층 207호(한강로3가, 서울드래곤시티)",2021-02-19,"박성준 심사역
(010-7185-3178)"
블리츠벤처스,02-569-2366,02-569-2365,0,6명 (남:4명/여:2명),772-88-02305,12월,(06180)  서울특별시 강남구 테헤란로 518   5층,2021-05-13,"엄수진 팀장
(010-9937-7875)"
비브이인베스트먼트,051-783-2021,051-783-2027,0,5명 (남:5명/여:0명),349-87-02243,12월,"(48059)  부산광역시 해운대구 센텀중앙로 90   2002호(재송동, 큐비이센텀)",2021-07-08,"장현우 대리
(010-9173-6283)"
BSK인베스트먼트,02-538-0460,02-538-0491,www.bskinvest.com,10명 (남:7명/여:3명),220-87-99578,12월,"(06164)  서울특별시 강남구 테헤란로87길 36   10층 1007호(삼성동, 도심공항타워)",2010-05-17,"박성경 사원
(02-538-0460)"
비에이파트너스,02-567-0406,02-567-0408,www.bapvc.com,10명 (남:5명/여:5명),399-86-00767,12월,(06166)  서울특별시 강남구 테헤란로87길 51   4층 (여송빌딩),2017-04-06,"정보라 과장
(01086502013)"
비엔에이치인베스트먼트,02-552-9769,02-552-9525,www.bnhinv.com,7명 (남:4명/여:3명),627-87-00072,12월,(06176)  서울특별시 강남구 영동대로 416   케이티앤지타워 5층,2015-05-19,"김인선 실장
(02-552-9769)"
비엔케이벤처투자,02-508-8187,02-508-8197,www.bnkvc.co.kr/,15명 (남:13명/여:2명),120-87-38311,12월,(06181)  서울 강남구 테헤란로 520   삼안빌딩 7층,2009-03-24,"임예지 파트너
(02-508-8187)"
비엠벤처스,0,0,0,3명 (남:3명/여:0명),259-87-01368,12월,"(06249)  서울특별시 강남구 역삼로 156   태광빌딩, 지하1층",2019-04-01,"권순국 이사
(02-2190-3502)"
비오케이창업투자,02-561-7008,02-561-7740,0,3명 (남:2명/여:1명),220-87-99525,12월,"(06296)  서울특별시 강남구 남부순환로378길 8 (도곡동)   8,301호(도곡동)",2010-05-11,"이지영 이사
(010-3187-9944)"
비전벤처스,220393901,269180598,0,3명 (남:2명/여:1명),467-88-02325,03월,(07326)  서울특별시 영등포구 국제금융로 10   Two IFC 20층,2021-06-22,"박세라 대리
(02-2039-3901)"
비전에쿼티파트너스,0,0,0,2명 (남:2명/여:0명),516-86-01468,12월,(06037)  서울특별시 강남구 도산대로 157   18층,2019-07-22,"신윤수 대표이사
(01090684689)"
비케이인베스트먼트,051-519-2120,051-519-2124,www.bkinvestment.co.kr,6명 (남:4명/여:2명),621-81-79619,12월,(46273)  부산광역시 금정구 중앙대로 1817   (구서동),2009-04-30,"김도희 과장
(051-519-2120)"
비티씨인베스트먼트,02-2138-8650,02-2138-8640,www.btci.vc,7명 (남:5명/여:2명),374-87-00799,12월,"(06181)  서울특별시 강남구 테헤란로98길 8   KT&G대치타워, 7F",2018-03-21,"김수연 차장
(02-2138-8656)"
비하이인베스트먼트,02-539-7997,02-539-7987,0,10명 (남:6명/여:4명),110-86-17914,12월,"(04783)  서울특별시 성동구 연무장11길 15 (성수동2가, 청운재)   3층",2017-11-22,"조대영 대리
(01082648802)"
빅뱅엔젤스,070-8672-3156,070-4009-5009,www.bigbangangels.com,6명 (남:3명/여:3명),142-81-53756,03월,(06619)  서울특별시 서초구 서초대로 398   7층 705호,2012-12-01,"강승혜 매니저
(01089994199)"
삼호그린인베스트먼트,02-3453-5500,02-3453-6996,www.sgivc.com,13명 (남:13명/여:0명),220-87-55361,12월,(06696)  서울특별시 서초구 효령로 96 삼호빌딩   3층,2007-10-12,"함석진 대리
(02-3453-5978)"
새한창업투자,02-546-7201,02-546-7204,0,7명 (남:7명/여:0명),221-81-03729,12월,(06010)  서울특별시 강남구 도산대로81길 48   정석빌딩 1층,1989-06-26,"이정환 부장
(02-546-7316)"
서울경영파트너스,260012904,260012905,0,3명 (남:2명/여:1명),117-86-02047,12월,"(06164)  서울특별시 강남구 영동대로 517 (삼성동, ASEM및한국종합무역센타단지)   30층",2021-08-19,"김해란 이사
(02-6001-2904)"
서울기술투자,02-552-0665,02-552-0664,0,5명 (남:4명/여:1명),120-87-66398,12월,(06132)  서울특별시 강남구 테헤란로 147   성지하이츠2차 1905호,2011-04-05,"전정민 차장
(01027701908)"
서울대학교기술지주,02-880-2039,02-877-1813,www.snuholdings.com,7명 (남:4명/여:3명),119-86-11824,12월,(08826)  서울특별시 관악구 관악로 1   서울대학교 연구공원 본관 2층 226호,2008-10-30,"김윤하 매니저
(01041930295)"
서울투자파트너스,02-566-2690,02-566-2693,www.seoulip.com,10명 (남:8명/여:2명),120-87-57491,12월,(06176)  서울시 강남구 역삼로 601   보성빌딩 4층,2010-07-26,"김경희 팀장
(02-566-2690)"
세마인베스트먼트,02-3484-7081,02-3484-7077,www.semainv.com,10명 (남:8명/여:2명),236-87-00217,12월,"(06176)  서울특별시 강남구 영동대로 416   3층(대치동, 케이티엔지타워)",2015-09-02,"신효진 사원
(02-3484-7081)"
세종벤처파트너스,070-4667-0760,02-595-0760,0,9명 (남:7명/여:2명),264-81-12657,12월,(06222)  서울 강남구 테헤란로38길 5   스타팅빌딩 6층,2013-03-14,"강수영 부장
(02-3454-0291)"
센트럴투자파트너스,02-3446-6102,02-3446-6109,cipartners.co.kr,11명 (남:6명/여:5명),211-88-83991,12월,(06044)  서울특별시 강남구 강남대로132길 29   4층 금강빌딩,2012-09-20,"유민초 과장
(02-3446-6108)"
소풍벤처스,010-3053-1302,0,0,10명 (남:4명/여:6명),573-87-00381,12월,"(24341)  강원도 춘천시 강원대학길 1   2층 아이스퀘어(효자동, 강원대학(한빛보듬관))",2016-07-01,"이화진 매니저
(01030285139)"
소프트뱅크벤처스,02-3484-9000,02-3484-9010,www.softbank.co.kr,37명 (남:20명/여:17명),120-86-00818,12월,(06611)  서울특별시 서초구 강남대로 465   교보타워 B동 19층,2000-02-28,"정철균 이사
(02-3484-9130)"
솔리더스인베스트먼트,02-569-0300,02-569-9870,www.solidusvc.com,8명 (남:6명/여:2명),220-88-20194,12월,(06125)  서울특별시 강남구 논현로105길 8 비젼빌딩   6층,2011-06-23,"권태민 상무
(02-569-9874)"
솔본인베스트먼트,02-519-7115,02-546-9959,www.solborni.com/,4명 (남:3명/여:1명),120-86-08159,12월,(06073)  서울특별시 강남구 학동로95길 51 (청담동)   66-4 청담스포피아 F1,2000-07-06,"안영아 차장
(02-519-7115)"
솔트룩스벤처스,070-4914-9665,070-8856-9522,0,3명 (남:2명/여:1명),178-88-02143,12월,(06147)  서울특별시 강남구 언주로 538   303호,2021-02-17,"정지영 팀장
(010-4224-5865)"
송현인베스트먼트,02-528-3905,02-528-3901,www.songhyuninvest.com,9명 (남:7명/여:2명),120-87-83586,12월,(06180)  서울특별시 강남구 테헤란로 518 섬유센터   3층,2012-05-25,"이재연 이사
(02-528-3905)"
수인베스트먼트캐피탈,070-4716-3017,070-4716-3020,0,8명 (남:6명/여:2명),153-88-00675,12월,(13486)  경기도 성남시 분당구 판교로255번길 9-22   판교우림더블유시티 303호,2017-07-07,"한미화 부장
(010-9258-4432)"
슈미트,02-3453-1924,02-3453-7900,0,8명 (남:6명/여:2명),307-88-00684,12월,(04779)  서울특별시 성동구 뚝섬로1길 10 (성수동1가)   4층,2017-04-20,"김보정 매니저
(02-3453-1924)"
스닉픽인베스트먼트,02-6951-3660,070-7545-0608,www.sneakpeeki.com,6명 (남:4명/여:2명),471-87-01600,12월,"(06178)  서울특별시 강남구 테헤란로 508   1602호(대치동,해성2빌딩)",2019-06-03,"오광선 부장
(02-6951-3691)"
스마일게이트인베스트먼트,02-2192-5000,02-3453-7248,www.smilegateinvestment.com,29명 (남:21명/여:8명),104-81-47102,12월,(06142)  서울특별시 강남구 테헤란로 217   16~17층,1999-09-13,"김유석 상무
(031-622-4765)"
스마트스터디벤처스,02-563-0073,02-563-0773,0,6명 (남:3명/여:3명),651-86-01494,12월,(06659)  서울특별시 서초구 명달로 118   우리빌딩 2층,2019-07-30,"서혜숙 부장
(01037866577)"
스퀘어벤처스,02-2135-1532,02-2135-4843,0,5명 (남:3명/여:2명),646-86-01357,12월,"(06168)  서울특별시 강남구 삼성로96길 14   2층 (삼성동, 중아빌딩)",2019-05-22,"이은샘 과장
(010-3304-8035)"
스타벤처스홀딩스,234542026,0,0,3명 (남:3명/여:0명),404-88-02232,12월,"(08389)  서울특별시 구로구 디지털로30길 28   (구로동, 마리오타워 817-1호) (주)스타벤처스홀딩스",2021-04-28,"박지훈 팀장
(010-9198-8677)"
스톤브릿지벤처스,02-6182-4700,02-6182-4710,www.stonebridge.co.kr,25명 (남:17명/여:8명),817-81-00862,12월,"(06141)  서울특별시 강남구 테헤란로   211 16 층(역삼동, 케이에프에이에스)",2017-05-31,"신진희 과장
(02-3496-6612)"
스틱벤처스,02-3404-7899,02-3404-7890,www.sticventures.co.kr,21명 (남:17명/여:4명),411-87-00991,12월,"(06194)  서울 강남구 테헤란로78길 12   5층 (대치동, MSA빌딩)",2018-07-16,"오경선 수석매니저
(02-3404-7825)"
스파크랩,02-2231-3014,0,0,7명 (남:5명/여:2명),144-81-07452,12월,"(06248)  서울특별시 강남구 역삼로 180   2층동 9호(역삼동, 마루180)",2012-12-01,"인아라 팀장
(010-7373-9080)"
스파크랩파트너스,02-2231-3014,02-2231-3017,0,8명 (남:5명/여:3명),355-81-01378,12월,(06248)  서울특별시 강남구 역삼로 180   2층,2018-10-22,"최재혁 매니저
(010-3500-8494)"
스프링캠프,02-6959-0235,02-2038-2245,springcamp.co,17명 (남:11명/여:6명),258-86-00258,12월,"(08788)  서울특별시 관악구 남부순환로 1830   5층(봉천동, 송백빌딩)",2015-12-01,"이재경 팀장
(01030853470)"
시그나이트파트너스,02-6981-3903,02-6981-6981-3938,signitepartners.com,10명 (남:6명/여:4명),621-86-17393,12월,(06015)  서울특별시 강남구 도산대로 449   12층 주식회사 시그나이트파트너스,2020-07-01,"정상훈 대리
(02-6981-3903)"
시너지아이비투자,02-586-5984,02-586-5983,www.synergyib.co.kr/,8명 (남:5명/여:3명),264-81-32143,12월,"(06053)  서울특별시 강남구 언주로 709, 6층   (논현동, 송암빌딩)",2014-03-28,"김희선 사원
(07074376124)"
신한벤처투자,02-560-9700,02-560-9701,www.neoplux.co.kr,43명 (남:31명/여:12명),201-81-55941,12월,(06181)  서울특별시 강남구 테헤란로   534 글라스타워빌딩 18층,2000-04-01,"윤희원 과장
(02-560-9783)"
심본투자파트너스,02-3453-0333,0507-0336-3779,0,5명 (남:5명/여:0명),585-81-00816,12월,(06160)  서울특별시 강남구 테헤란로 419  ,2017-02-27,"권동진 대표이사
(010-1111-1111)"
심포니인베스트먼트,070-7005-2021,070-7005-2022,0,6명 (남:5명/여:1명),233-87-02119,12월,(13487)  경기도 성남시 분당구 판교로 242   에이동 201호,2020-12-28,"박승남 대표이사
(010-8763-4848)"
쏠레어파트너스,02-554-0983,02-553-0983,0,6명 (남:3명/여:3명),251-86-00766,12월,(06252)  서울특별시 강남구 역삼로 112   밀브리지홀 9층,2017-06-09,"박수경 부장
(010-3798-8104)"
씨엔티테크,02-309-0380,02-309-0381,www.cntt.co.kr,25명 (남:13명/여:12명),119-81-66566,12월,(03678)  서울특별시 서대문구 증가로29길 35   CNT테크빌딩,1900-01-00,"장준효 팀장
(010-7530-3675)"
CKD 창업투자,02-3453-3331,02-3453-3919,www.ckdvc.co.kr,13명 (남:10명/여:3명),306-81-29961,12월,(06167)  서울 강남구 테헤란로87길 29   7층,1997-08-20,"임수향 대리
(02-3453-3558)"
아시아창업투자,02-546-6688,02-546-9988,www.asiavc.kr/,9명 (남:8명/여:1명),233-87-01065,12월,(06147)  서울특별시 강남구 언주로 542   굿맨타워 8층,2018-07-01,"이승원 과장
(0255466688)"
아이디벤처스,25569300,02-556-0062,www.id-vc.com,12명 (남:9명/여:3명),220-88-38530,12월,"(06211)  서울 강남구 테헤란로 312   역삼동, 비젼타워 10층",2012-05-18,"이혜란 부장
(02-556-9300)"
아이디어브릿지파트너스,031-5182-9098,031-5182-9099,0,4명 (남:2명/여:2명),513-81-89816,12월,(13449)  경기도 성남시 수정구 대왕판교로 815   판교창조경제밸리 기업지원허브 P840,2016-03-25,"임하선 부장
(031-5182-9098)"
아이디지캐피탈파트너스코리아,02-558-7488,02-558-6988,0,8명 (남:6명/여:2명),539-87-00173,12월,(06193)  서울특별시 강남구 테헤란로 420   11층 IDG Capital,2015-10-23,"박승준 주임
(025587488)"
아이비엑스파트너스,02-6212-9800,02-6213-9800,0,4명 (남:2명/여:2명),175-81-01281,12월,(06036)  서울특별시 강남구 도산대로 145   8층,2019-01-11,"심다빈 주임
(010-4018-8511)"
아이스퀘어벤처스,02-6920-6500,02-6920-6599,0,10명 (남:6명/여:4명),894-81-01820,12월,(28126)  충청북도 청주시 청원구 오창읍 각리1길 97   충북SW융합센터 405호,2020-07-20,"이윤정 대리
(02-6920-6500)"
아이엠엠인베스트먼트,02-2112-1777,02-2112-1778,0,56명 (남:33명/여:23명),104-81-46665,12월,"(06236)  서울특별시 강남구 테헤란로 152, 5층   (역삼동, 강남파이낸스센터)",1999-07-15,"이성유 팀장
(01091953651)"
아주아이비투자,02-3451-9200,0,0,52명 (남:40명/여:12명),116-81-41872,12월,"(06141)  서울특별시 강남구 역삼1동   아주빌딩 3층, 4층, 5층",1974-09-09,"정대석 본부장
(02-3451-9238)"
안다아시아벤처스,02-569-6706,02-569-6709,0,8명 (남:6명/여:2명),505-88-02175,12월,"(06194)  서울특별시 강남구 테헤란로78길 12 (대치동, MSA빌딩)   MSA빌딩 13층 안다아시아벤처스",2021-10-05,"염현혜 과장
(02-569-6706)"
알바트로스인베스트먼트,070-4924-5090,02-703-0231,-,10명 (남:7명/여:3명),105-87-20321,12월,(13494)  경기도 성남시 분당구 대왕판교로 670   유스페이스2 A동 7층,2008-05-21,"양윤미 차장
(070-4924-5099)"
알파원 인베스트먼트,02-2051-7701,02-2051-7702,0,7명 (남:7명/여:0명),278-81-01902,12월,"(06125)  서울특별시 강남구 논현로 563   6층 (역삼동, 언주타워)",2020-07-28,"송동건 이사
(02-2051-7701)"
어니스트벤처스,031-776-4770,031-776-4776,0,8명 (남:7명/여:1명),814-87-00356,12월,(13487)  경기 성남시 분당구 대왕판교로645번길 12   경기창조경제혁신센터 8층,2016-02-17,"하종삼 팀장
(031-776-4770)"
어센도벤처스,010-3008-1188,02-2051-1524,www.ascendovc.com,5명 (남:4명/여:1명),628-81-00786,12월,(06247)  서울특별시 강남구 역삼로 165   해성빌딩,2017-10-17,"김지안 과장
(01058151254)"
에버그린투자파트너스,02-2055-2866,02-2055-2867,0,4명 (남:3명/여:1명),637-81-00252,12월,"(06792)  서울특별시 서초구 헌릉로 7   803호 804호 (염곡동, Invest Korea Plaza)",2015-11-17,"김지수 주임
(02-2055-2866)"
에스디벤처캐피탈,02-544-9326,02-544-9528,0,4명 (남:4명/여:0명),107-81-73860,12월,(06052)  서울시 강남구 학동로31길 18(논현동)  ,1999-12-03,"최성욱 이사
(02-514-6304)"
에스브이인베스트먼트,237751020,237751021,www.svinvest.com,35명 (남:31명/여:4명),107-86-77065,03월,"(07326)  서울특별시 영등포구 국제금융로 10   46층(여의도동, 쓰리아이에프씨)",2006-04-05,"심정연 팀장
(02-3775-0080)"
에스비아이인베스트먼트,02-2139-9200,02-2139-9260,0,42명 (남:27명/여:15명),120-81-64573,12월,"(06169)  서울특별시 강남구 테헤란로 509 (삼성동 158-16,엔씨소프트 R&D센터)   ,14층",1986-11-24,"박준범 차장
(02-2139-9254)"
에스비파트너스,02-3475-3212,234753220,0,7명 (남:4명/여:3명),814-85-00371,12월,(47540)  부산광역시 연제구 중앙대로 1079   장천빌딩 6층,2017-06-30,"서문정 과장
(0234753213)"
에스엘인베스트먼트,02-6241-5400,02-6241-5412,www.slinvestment.com,15명 (남:10명/여:5명),201-81-28804,12월,(06164)  서울특별시 강남구 영동대로   517 (삼성동 159-1) 아셈타워 25층,2000-02-23,"고영선 부장
(02-6241-5409)"
에스엠비투자파트너스,02-559-0913,02-2051-0900,0,8명 (남:5명/여:3명),206-81-21316,12월,(44209)  울산광역시 북구 신답로 48   2층,2000-01-26,"심선식 대표이사
(02-559-0905)"
에스엠시노기술투자,02-6004-5080,02-719-7030,www.smsino.co.kr,12명 (남:9명/여:3명),255-81-00083,12월,(04168)  서울특별시 마포구 새창로 11   9층 901호 (공덕빌딩),2015-06-05,"이규민 대리
(02-6004-5080)"
SJ벤처인베스트먼트,02-561-3004,02-512-3008,www.sj-vi.com,11명 (남:9명/여:2명),120-81-96167,12월,(06054)  서울시 강남구 언주로 732   (논현동세종빌딩),1999-11-30,"백선종 전무
(02-561-3004)"
에스제이투자파트너스,02-512-0707,02-512-3763,www.sjinvest.co.kr,12명 (남:8명/여:4명),211-88-48145,12월,"(06178)  서울특별시 강남구 삼성로86길 7,   11층(대치동,삼성빌딩)",2010-08-24,"이지은 부장
(01027246764)"
에쓰비인베스트먼트,02-3445-5011,02-3445-6141,www.sbinvestment.co.kr,8명 (남:6명/여:2명),617-86-23353,12월,(48513)  부산광역시 남구 용소로 93 (대연동 599-20)   3층,2014-11-10,"양지유 사원
(02-3445-5011)"
에이벤처스,02-6389-7000,02-6389-7100,0,10명 (남:8명/여:2명),552-87-01103,12월,(06178)  서울특별시 강남구 삼성로86길 7   삼성빌딩 7층,2018-08-27,"임병훈 팀장
(02-6389-7005)"
에이스톤벤처스,02-551-7603,02-551-7600,0,4명 (남:2명/여:2명),684-86-02227,12월,"(06164)  서울특별시 강남구 테헤란로87길 22   517호 (삼성동,한국도심공항터미널 )",2021-01-04,"권영혜 상무
(02-551-7603)"
에이아이피벤처파트너스,02-6952-2380,02-6952-2377,0,4명 (남:3명/여:1명),683-87-01616,12월,"(07326)  서울특별시 영등포구 국제금융로 10   43층, AIP벤처파트너스",2020-03-02,"배윤경 대리
(02-6952-2380)"
에이온인베스트먼트,02-544-5677,02-544-5676,0,4명 (남:3명/여:1명),362-86-02308,12월,"(06036)  서울특별시 강남구 논현로151길 48 (신사동, 더페이퍼빌딩)   4층",2021-10-27,"이수연 이사
(010-8200-4742)"
에이지인베스트먼트,02-722-7770,02-722-7769,0,7명 (남:5명/여:2명),482-88-00291,12월,(03061)  서울특별시 종로구 율곡로3길 74-12  ,2016-01-22,"김명은 대리
(02-722-7770)"
에이치비인베스트먼트,02-3448-5622,02-3448-5630,www.hbvc.co.kr,14명 (남:8명/여:6명),107-81-72798,12월,"(06024)  서울시 강남구 언주로 819   신사동, HB빌딩 5층",1999-11-11,"윤연희 부장
(02-3448-5622)"
에이치지이니셔티브,02-6212-9769,070-8833-9769,www.hginitiative.com,18명 (남:6명/여:12명),206-86-90633,12월,(04779)  서울특별시 성동구 뚝섬로1나길 5   헤이그라운드 G202,2014-04-25,"이예은 과장
(010-7920-8977)"
에이티넘인베스트먼트,02-555-0781,02-557-2570,www.atinuminvest.co.kr,26명 (남:18명/여:8명),124-81-36410,12월,(06173)  서울 강남구 테헤란로 103길 9   제일빌딩,1988-10-10,"김근혜 차장
(02-555-0781)"
에트리홀딩스,042-860-0777,042-860-0788,0,9명 (남:8명/여:1명),314-86-15139,12월,"(34129)  대전광역시 유성구 가정로 218 (가정동 161,한국전자통신연구원)   융합기술연구생산센터 303호",2010-05-14,"박상표 과장
(042-860-0787)"
에프브이인베스트먼트,02-6951-3040,02-6951-3042,0,5명 (남:3명/여:2명),655-86-01346,12월,(06154)  서울특별시 강남구 봉은사로 460   금척타워 6층,2018-12-03,"황경선 팀장
(070-5100-5499)"
에프엠씨 인베스트먼트,513161611,513161614,0,6명 (남:5명/여:1명),218-81-73103,12월,"(48547)  부산광역시 남구 신선로 365   516호 ( 용당동, 부경대학교용당캠퍼스제10공학관)",2019-10-18,"강주은 팀장
(010-6858-5802)"
엔브이씨 파트너스,051-914-0938,051-914-0939,0,9명 (남:8명/여:1명),146-86-01274,12월,"(48059)  부산광역시 해운대구 센텀동로 45   웹스빌딩 4층(우동,웹스빌딩)",2018-08-21,"임용현 사원
(010-2902-5927)"
엔블록인베스트먼트,02-599-8001,02-6954-2734,0,3명 (남:3명/여:0명),705-88-01096,12월,"(06160)  서울특별시 강남구 테헤란로 415   오피스동 223호 (삼성동, L7강남타워)",2018-09-01,"송진오 대표이사
(010-5311-6948)"
엔피엑스벤처스,02-564-8348,5078048416,0,9명 (남:7명/여:2명),711-87-02322,12월,(04782)  서울특별시 성동구 연무장5가길 14 (성수동2가)  ,2021-10-13,"장동진 이사
(01035336425)"
LB인베스트먼트,02-3467-0523,02-3467-0530,0,36명 (남:28명/여:8명),120-81-63249,12월,(06179)  서울특별시 강남구 테헤란로 512   신안빌딩 13층,1996-07-04,"조은정 차장
(02-3467-0516)"
엘앤에스벤처캐피탈,02-501-1031,02-501-1029,www.lnsvc.co.kr/,18명 (남:13명/여:5명),120-87-07123,12월,"(06178)  서울특별시 강남구 테헤란로 504   7층(대치동, 해성빌딩)",2006-10-20,"정아림 과장
(02-501-1237)"
엘에스케이인베스트먼트,02-553-9631,02-553-9632,www.lski.co.kr,11명 (남:7명/여:4명),625-81-00297,12월,(06223)  서울특별시 강남구 논현로 430   6층,2016-04-11,"한승아 대리
(070-4167-0199)"
엠벤처투자,02-6000-5533,02-6000-5659,www.m-vc.co.kr,16명 (남:13명/여:3명),116-81-15961,12월,(06164)  서울 강남구 테헤란로87길 36   2503호,1986-12-02,"김다혜 사원
(02-6000-5532)"
엠오벤처스,051-301-1698,051-304-1698,0,7명 (남:7명/여:0명),731-81-01698,12월,(46017)  부산광역시 기장군 정관읍 정관중앙로 27 (정관읍)   423호(줌시티오피스텔),2020-05-04,"배만성 대리
(010-5491-2324)"
엠와이소셜컴퍼니,02-532-1110,0,www.mysc.co.kr,12명 (남:6명/여:6명),214-88-87695,12월,"(04779)  서울특별시 성동구 뚝섬로1나길 5   헤이그라운드 G402, G406",2011-12-12,"정재우 과장
(02-532-1126)"
엠케이벤처스,02-569-9078,02-569-9079,0,3명 (남:3명/여:0명),878-87-00137,12월,"(06164)  서울특별시 강남구 삼성로96길 6   905호 (삼성동,LG트윈텔 1차)",2015-07-22,"윤호기 이사
(010-2384-8411)"
연세대학교기술지주,02-2123-5156,02-2123-8620,www.ysuholdings.com,12명 (남:7명/여:5명),131-86-28927,12월,(21983)  인천광역시 연수구 송도과학로 85   연세대학교 국제캠퍼스 종합관 1층 103호,2011-05-31,"서수지 대리
(0221235174)"
오라클벤처투자,02-2039-1641,02-2039-1646,0,4명 (남:4명/여:0명),417-86-02398,12월,"(06109)  서울특별시 강남구 언주로 603 (논현동, 서진빌딩)   5층",2021-10-21,"서정일 차장
(010-8955-0125)"
오엔벤처투자,02-564-0086,02-569-0086,0,5명 (남:3명/여:2명),564-86-01832,12월,(06178)  서울특별시 강남구 삼성로86길 11   거봉INC빌딩 7층 오엔벤처투자,2020-05-27,"이현경 상무
(070-8859-4206)"
오픈워터인베스트먼트,02-6951-2223,02-6951-2224,www.openwaterinv.co.kr/,8명 (남:7명/여:1명),677-87-01469,12월,(06168)  서울특별시 강남구 삼성로96길 14   중아빌딩 6층,2019-07-04,"태연진 팀장
(01056416352)"
와이얼라이언스인베스트먼트,02-6205-0210,02-6205-0211,www.y-alliance.com/,3명 (남:3명/여:0명),319-86-01396,12월,(06035)  서울특별시 강남구 삼성로86길11   거봉INC빌딩 402호,2019-07-07,"고재범 부장
(010-3043-1866)"
와이즈레터인베스트먼트,02-546-1555,02-549-1555,www.ysletter.com,3명 (남:1명/여:2명),313-86-01836,12월,(06034)  서울특별시 강남구 강남대로158길 17   신사동 레드포인트빌딩 4층,2020-06-09,"김민주 팀장
(025461555)"
우리인베스트먼트,02-3444-5335,02-3444-5344,www.wooric.com,2명 (남:2명/여:0명),211-87-46586,12월,(06627)  서울특별시 서초구 강남대로 327   대륭서초타워 18층,2004-03-11,"박성민 상무
(02-3444-5335)"
우신벤처투자,02-538-5906,02-567-3184,www.wooshinvc.com,8명 (남:7명/여:1명),220-81-00883,12월,(06223)  서울특별시 강남구 논현로 430 아세아타워   1층,1986-11-20,"송면경 대리
(02-538-5906)"
원익투자파트너스,02-6446-7125,02-6446-7199,www.wiipco.com,26명 (남:20명/여:6명),314-81-19654,12월,"(06178)  서울특별시 강남구 테헤란로 504   5층(대치동, 해성1빌딩)",1997-08-16,"황윤채 과장
(02-6446-7125)"
위벤처스,02-565-6671,02-565-6672,0,11명 (남:6명/여:5명),378-88-01327,12월,(06181)  서울특별시 강남구 테헤란로 524   10층 3호,2019-04-12,"채종민 팀장
(02-565-6674)"
윈베스트벤처투자,02-565-3626,02-565-3484,0,6명 (남:5명/여:1명),120-86-07859,12월,(06167)  서울 강남구 테헤란로 87길 33   융전빌딩 9층,2000-07-01,"김면구 상무
(02-565-3626)"
유니온투자파트너스,02-594-8470,02-594-8470,0,14명 (남:7명/여:7명),107-81-77401,12월,"(06159)  서울특별시 강남구 테헤란로 425 (삼성동, 신일빌딩)   14층",2000-02-15,"김윤하 대리
(02-594-8470)"
유니콘네스트창업투자,269337670,269304251,0,7명 (남:3명/여:4명),241-86-01211,12월,(06095)  서울특별시 강남구 봉은사로 479   479타워 16층,2018-08-17,"김정훈 대리
(010-6740-9098)"
유안타인베스트먼트,02-561-0056,02-561-9191,www.yuantainvest.com,25명 (남:20명/여:5명),120-81-53606,12월,(04538)  서울특별시 중구 을지로 76   유안타증권빌딩 12층,1989-04-22,"염은주 과장
(02-561-0056)"
유티씨인베스트먼트,02-783-3347,02-783-3551,www.utc.co.kr,20명 (남:13명/여:7명),116-81-55416,03월,(07241)  서울시 영등포구 여의공원로 111   2층,1988-04-14,"배재은 차장
(02-783-7566)"
이노폴리스파트너스,02-541-4838,0,0,9명 (남:7명/여:2명),120-87-00187,03월,(06060)  서울특별시 강남구 선릉로 131길 9   하나빌딩 5층,2006-04-10,"홍성미 사원
(025410940)"
이랜드벤처스,02-6402-6002,02-6402-6003,0,2명 (남:1명/여:1명),373-86-01876,12월,(07931)  서울특별시 양천구 국회대로 74   19 11층 1호,2021-01-07,()
이수창업투자,02-3482-2010,02-3482-2015,www.isuvc.com,10명 (남:8명/여:2명),114-81-97399,12월,"(06221)  서울시 강남구 언주로 85길 24   (역삼동, 유니팜타워 8층)",2000-03-23,"김경문 차장
(02-6207-7995)"
이앤벤처파트너스,02-569-3456,02-569-3451,0,7명 (남:5명/여:2명),485-81-00990,12월,(06211)  서울특별시 강남구 테헤란로 326   역삼아이타워 16층,2018-02-22,"안현정 부장
(02-569-3456)"
이에스인베스터,02-3474-8750,02-3474-8760,www.esinvestor.com/,10명 (남:7명/여:3명),120-86-00725,12월,"(06227)  서울특별시 강남구 논현로 340 (역삼동 769,정빌딩)   5층",2000-03-02,"박상준 부장
(02-3474-8758)"
이크럭스벤처파트너스,02-569-4560,02-569-4561,0,5명 (남:4명/여:1명),162-81-01553,12월,(06252)  서울특별시 강남구 강남대로 320   황화빌딩 1704호,2020-06-01,"염경진 팀장
(01052690119)"
인라이트벤처스,533419222,533419223,www.enlightvc.com,19명 (남:10명/여:9명),575-81-00764,12월,(41585)  대구 북구 호암로 51   대구삼성창조캠퍼스 메이커스페이스동,2017-07-10,"김해영 차장
(0533419222)"
인비저닝파트너스,02-2289-6273,02-6280-6271,0,9명 (남:3명/여:6명),625-81-02408,12월,(04778)  서울특별시 성동구 왕십리로6길 21   4층,2021-08-13,"김지연 팀장
(02-2289-6273)"
인사이트에퀴티파트너스,02-3487-5375,02-3487-5376,0,10명 (남:8명/여:2명),769-88-00771,12월,(06253)  서울특별시 강남구 강남대로 318   15층 1502호,2017-08-09,"박혜주 과장
(0234875375)"
인탑스인베스트먼트,25672500,25673535,0,8명 (남:6명/여:2명),640-87-00833,12월,(06083)  서울특별시 강남구 봉은사로 617   인탑스빌딩 2층,2018-04-17,"박하얀 대리
(025672500)"
인터밸류파트너스,02-564-0494,02-564-6540,www.intervaluep.com,12명 (남:9명/여:3명),687-87-00526,12월,"(06164)  서울특별시 강남구 테헤란로87길 22   605호 (삼성동, 한국도심공항)",2016-11-09,"원윤정 이사
(02-564-0494)"
인터베스트,02-551-7340,02-551-7350,0,27명 (남:20명/여:7명),120-81-94228,12월,(06164)  서울특별시 강남구 영동대로 511   트레이드타워 1701호,1999-09-14,"신혜숙 이사
(02-551-7356)"
인피니툼파트너스,02-6137-9270,02-6137-9271,0,4명 (남:4명/여:0명),792-87-01792,12월,(07326)  서울특별시 영등포구 국제금융로 10   Two IFC 12층 1204호,2020-09-29,"박태운 상무
(01093316305)"
일신창업투자,02-767-6400,02-786-6051,www.iic.co.kr,8명 (남:5명/여:3명),409-81-09847,12월,(62413)  광주광역시 광산구 평동산단1번로 71   (옥동),1990-01-23,"최지연 대리
(02-767-6452)"
일진투자파트너스,02-707-9745,02-707-9745,0,8명 (남:5명/여:3명),794-87-02370,12월,"(04167)  서울특별시 마포구 마포대로 45   15층(도화동, 일진빌딩)",2021-04-06,"양기호 차장
(027079745)"
임팩트스퀘어,070-4256-0916,02-6937-0916,www.impactsquare.com,4명 (남:3명/여:1명),120-87-60341,12월,(04766)  서울특별시 성동구 서울숲길 53   4층 임팩트스퀘어,2010-10-04,"전승범 수석매니저
(010-7738-5412)"
임팩트파트너스,031-229-3565,031-229-3540,www.impactpartners.kr/,8명 (남:6명/여:2명),133-88-01229,12월,"(16914)  경기도 용인시 기흥구 구성로 357   8층 비805호(청덕동, 용인테크노밸리 지식산업센터)",2019-09-23,"진기준 대표이사
(010-5114-4868)"
제이씨에이치인베스트먼트,070-8221-3056,02-6937-0648,0,6명 (남:6명/여:0명),207-87-02202,12월,(41260)  대구광역시 동구 동대구로 465 (신천동)   505호,2021-09-09,"정윤섭 부장
(010-4114-9527)"
제이앤티인베스트먼트,02-538-2280,02-538-2281,0,4명 (남:3명/여:1명),220-87-96585,12월,(07324)  서울특별시 영등포구 여의동로3길 10 여의도자이   501동 2007호,2010-03-18,"문수경 대리
(070-8708-3779)"
제이엑스파트너스,02-569-4661,02-569-4659,0,6명 (남:4명/여:2명),779-81-00556,12월,"(06181)  서울특별시 강남구 테헤란로98길   15, 8층(대치동, 송강빌딩)",2016-10-21,"김서현 대리
(010-2101-4506)"
제이커브인베스트먼트,02-525-7999,02-525-7998,0,3명 (남:3명/여:0명),574-87-01933,12월,(06646)  서울특별시 서초구 반포대로28길 42   우신 1557빌딩 5층,2021-02-16,"이시현 사원
(010-7728-5286)"
제피러스랩,070-4219-7808,0,zephyruslab.co.kr/,9명 (남:8명/여:1명),118-86-00907,12월,(48059)  부산광역시 해운대구 센텀동로 45   (우동) 3층,2017-10-01,"김병철 과장
(010-4118-1121)"
젠티움파트너스,02-773-0115,02-6442-7261,www.gentiumpartners.co.kr,5명 (남:4명/여:1명),730-87-01173,12월,(04349)  서울특별시 용산구 이태원로27길 62   (이태원동),2018-11-20,"박현준 대표이사
(010-7166-3560)"
지노바인베스트먼트,221831240,02-2183-1246,0,3명 (남:3명/여:0명),191-81-02074,12월,(06211)  서울특별시 강남구 테헤란로 322   서관 2106호,2021-01-13,"신상훈 수석심사역
(010-7180-0860)"
지비벤처스,02-6956-5850,070-8224-5850,0,10명 (남:8명/여:2명),518-81-01931,12월,(06180)  서울특별시 강남구 테헤란로 518   섬유센터 3층,2020-08-26,"이명진 계장
(010-8835-6273)"
지앤텍벤처투자,02-549-8045,02-549-8060,www.gntechvc.co.kr,9명 (남:6명/여:3명),211-86-94062,12월,(06180)  서울 강남구 테헤란로 516   정헌빌딩 9층,2000-03-27,"김동진 전무
(02-6951-5053)"
지엘창업투자,02-2202-8828,070-5089-3368,0,5명 (남:4명/여:1명),160-87-00899,12월,"(36759)  경상북도 안동시 풍천면 천년숲동로 10-10   10-13, 414호",2018-04-09,"조윤희 대표이사
(0222028828)"
지온인베스트먼트,031-8023-7392,031-8023-6503,www.geoninvestment.com/,4명 (남:3명/여:1명),120-87-44021,12월,(13487)  경기도 성남시 분당구 대왕판교로   645번길 14 네오위즈판교타워,2009-08-28,"김유나 팀장
(031-8023-7392)"
지유투자,02-561-5274,02-2135-5308,www.guequity.co.kr,8명 (남:5명/여:3명),271-87-00660,12월,"(06167)  서울특별시 강남구 테헤란로 87길   29, 801호, 802호(삼성동, M타워)",2017-02-21,"방다영 팀장
(02-561-5274)"
진앤투자파트너스,031-781-7222,031-8018-7222,0,7명 (남:5명/여:2명),339-86-02026,12월,"(13494)  경기도 성남시 분당구 대왕판교로 670 (삼평동, 유스페이스2)   B동 505호(삼평동, 유스페이스2)",2020-05-14,"윤선아 팀장
(031-781-7222)"
카이로스벤처파트너스,02-783-0227,02-783-0228,0,5명 (남:5명/여:0명),427-88-02220,12월,"(07327)  서울특별시 영등포구 여의나루로 67 (여의도동, 신송빌딩)   905호",2021-06-03,"박상진 과장
(01041208117)"
카카오벤처스,031-602-1020,031-8061-0775,kcubeventures.co.kr,19명 (남:12명/여:7명),220-88-35402,12월,(13524)  경기도 성남시 분당구 판교역로192번길 12   판교미래에셋센터 6층,2012-03-29,"김선우 매니저
(0262430305)"
캐피탈원,02-595-7450,02-595-7577,0,11명 (남:10명/여:1명),214-88-44380,12월,"(07237)  서울 영등포구 국회대로70길 18   (여의도동, 한양빌딩 405호)",2009-07-13,()
캡스톤파트너스,02-575-1210,02-575-3134,www.cspartners.co.kr,15명 (남:11명/여:4명),220-87-60132,12월,"(06248)  서울특별시 강남구 역삼로 180   4층(역삼동, 마루180)",2008-01-03,"방문형 대리
(025541295)"
컴퍼니케이파트너스,02-568-8470,02-568-8350,www.kpartners.co.kr,16명 (남:10명/여:6명),211-87-88121,12월,"(06174)  서울특별시 강남구 테헤란로 620   14층 (대치동, 미래에셋타워)",2006-10-18,"신동임 이사
(02-568-8510)"
케이그라운드벤처스,02-3443-4579,02-3448-4579,0,4명 (남:4명/여:0명),742-86-01150,02월,(06118)  서울특별시 강남구 논현로115길 71   5층 502호(스페이스모노빌딩),2018-08-09,"신도현 팀장
(02-3443-4579)"
케이넷투자파트너스,02-3473-7117,02-3473-7119,0,7명 (남:6명/여:1명),214-88-34543,12월,"(06644)  서울 서초구 서초중앙로 123   15층 (서초동, 삼남타워)",2008-11-11,"김희창 전무
(02-3473-7118)"
케이런벤처스,02-553-9003,02-553-9008,www.krunventures.com,5명 (남:3명/여:2명),809-88-00308,12월,"(06181)  서울특별시 강남구 테헤란로98길 15   7층 (대치동, 송강빌딩)",2015-10-28,"박예은 과장
(02-553-9003)"
케이브릿지벤처스,02-6951-2917,02-6951-2918,www.kbridgeventures.com,4명 (남:3명/여:1명),697-87-01954,12월,"(06141)  서울특별시 강남구 테헤란로29길 10 (역삼동, 정안빌딩)   3층",2021-05-03,"김지환 이사
(02-6951-2917)"
케이브릿지인베스트먼트,051-731-5222,051-731-5633,0,3명 (남:2명/여:1명),412-87-00413,12월,(48059)  부산 해운대구 센텀동로 45   웹스건물 4층 401호,2016-01-27,"권민정 이사
(051-731-5222)"
케이비인베스트먼트,02-545-5091,02-545-5092,0,68명 (남:50명/여:18명),220-81-31799,12월,"(06072)  서울특별시 강남구 영동대로   731, 9층",1990-03-27,"장윤숙 팀장
(02-3015-4777)"
케이씨벤처스,02-566-6911,02-566-6917,0,6명 (남:3명/여:3명),795-86-01270,12월,"(06212)  서울특별시 강남구 테헤란로 52길 17   14층(역삼동, 이에스타워)",2018-12-17,"박상진 대리
(02-566-6920)"
케이액셀러레이터,02-786-0655,0,0,3명 (남:2명/여:1명),474-87-01462,12월,"(07327)  서울특별시 영등포구 국제금융로 20   11층 (여의도동, 율촌빌딩)",2019-02-07,"양혜경 수석심사역
(027610990)"
케이앤투자파트너스,02-567-0380,02-567-0381,0,12명 (남:10명/여:2명),445-87-00164,12월,"(06236)  서울 강남구 테헤란로22길 13   9층 (역삼동, 예동빌딩)",2015-08-26,"최유리 팀장
(02-567-0380)"
케이엘피인베스트먼트,02-2039-1431,02-2039-1432,0,2명 (남:2명/여:0명),876-86-02092,12월,"(07332)  서울특별시 영등포구 여의대방로65길 23 (여의도동, 포레스텔빌딩)   601호",2021-11-01,"김주호 팀장
(010-4435-9771)"
케이오씨파트너스,02-575-0501,02-6008-0503,kocpartners.co.kr/,3명 (남:1명/여:2명),853-81-01834,12월,(02455)  서울특별시 동대문구 회기로 85   9413호(청량리동),2020-05-01,"박문정 매니저
(02-575-0501)"
케이제이앤투자파트너스,02-565-8846,02-565-8847,0,4명 (남:3명/여:1명),329-87-01181,12월,(06194)  서울특별시 강남구 테헤란로78길 14-8   9층 2호(대치동),2018-06-01,"최부안 팀장
(010-6313-2748)"
케이클라비스인베스트먼트,02-6905-6800,02-6905-6899,www.kclavis.com,13명 (남:9명/여:4명),696-87-00253,12월,(07326)  서울시 영등포구 국제금융로 10   여의도동 Three IFC 29층,2015-10-23,"장예진 차장
(02-6905-6803)"
케이투인베스트먼트파트너스,02-566-0526,02-6919-2465,0,9명 (남:6명/여:3명),120-87-71019,12월,(06166)  서울특별시 강남구 테헤란로87길 39   심스빌딩 4층,2011-07-21,"방승옥 이사
(02-566-0526)"
KTB네트워크,031.628.6400,031.628.6499,www.ktbnetwork.com,41명 (남:28명/여:13명),220-87-68075,12월,(13494)  경기 성남시 분당구 대왕판교로 670   유스페이스2 제10층 제에이,2008-06-27,"이지현 팀장
(031-628-6414)"
코나벤처파트너스,220165600,220165601,0,7명 (남:4명/여:3명),864-87-00860,12월,(06164)  서울특별시 강남구 테헤란로87길 36   602호,2018-01-29,"서연정 차장
(02-2016-5600)"
코나인베스트먼트,02-508-0610,02-508-0612,0,8명 (남:5명/여:3명),533-87-00855,12월,(06197)  서울특별시 강남구 선릉로86길 26   4층(대치동),2018-01-26,"윤경수 수석심사역
(01090860126)"
코리아에셋투자증권,02-560-6387,25606390,www.kasset.co.kr,13명 (남:11명/여:2명),120-81-97564,03월,(07327)  서울특별시 영등포구 여의나루로 57   신송센터빌딩 12층,2000-01-07,"이건섭 상무
(02-560-6365)"
코메스인베스트먼트,02-558-1996,02-558-1995,0,6명 (남:4명/여:2명),275-88-00465,12월,"(06178)  서울특별시 강남구 테헤란로84길 14   13층 (대치동, 지어로빌딩)",2017-01-16,"김기리 대리
(02-558-1996)"
코벤트 캐피탈 파트너스,1088312875,5042902875,WWW.COVENTLAB.COM,5명 (남:5명/여:0명),628-86-01382,12월,"(04147)  서울특별시 마포구 백범로31길 21 (공덕동, 서울창업허브,서울복지타운)   서울창업허브 본관2층 203호",2019-10-24,"윤영준 대표이사
(01088312875)"
코스넷기술투자,042-825-1610,042-822-3825,0,4명 (남:3명/여:1명),314-86-57731,12월,(25566)  강원도 강릉시 강릉대로 442   5층,2014-02-18,"이현 상무
(01037101755)"
코오롱인베스트먼트,02 2052 2310,02 2052 2319,www.koloninvest.com,20명 (남:13명/여:7명),220-81-80271,12월,"(06174)  서울특별시 강남구 테헤란로   620, 16층",2000-03-10,"김영빈 차장
(02-2052-2314)"
쿨리지코너인베스트먼트,02-2183-2740,02-2183-2750,www.ccvc.co.kr,12명 (남:8명/여:4명),220-87-98211,12월,"(06180)  서울특별시 강남구 테헤란로 516   2층(대치동, 정헌빌딩)",2010-03-26,"최미란 과장
(02-2183-2758)"
쿼드벤처스,02-2052-0610,02-2052-0611,vc.quadim.com,6명 (남:5명/여:1명),564-86-01512,12월,"(06167)  서울특별시 강남구 삼성로100길 24-2   B동 7층 (삼성동, 오트리스빌딩)",2019-06-10,"이보미 부장
(027392479)"
퀀텀벤처스코리아,02-6954-1095,02-6954-1099,quantumepk.com,12명 (남:6명/여:6명),179-86-00921,12월,"(06164)  서울특별시 강남구 테헤란로87길 36   10층 (삼성동, 도심공항타워)",2017-10-19,"김연지 과장
(02-6954-1095)"
큐브벤처파트너스,02-2038-2577,02-562-0599,www.cubevp.com,5명 (남:5명/여:0명),120-87-44225,12월,"(06158)  서울특별시 강남구 테헤란로 437   ,10층 (삼성동, 삼영빌딩)",2009-05-21,"이련수 팀장
(02-2038-2577)"
크리스탈바이오사이언스,031-628-2899,0,0,4명 (남:3명/여:1명),379-88-01617,12월,(13488)  경기도 성남시 분당구 대왕판교로 700   A동 5층,2019-11-11,"서성동 대리
(031-628-2724)"
크릿벤처스,02-558-1940,02-558-1941,www.crit.vc,5명 (남:5명/여:0명),480-88-01940,12월,(06145)  서울특별시 강남구 선릉로 551   3층,2020-08-11,"김민석 매니저
(02-558-1940)"
클레어보이언트벤처스,02-568-0601,02-568-0609,0,6명 (남:5명/여:1명),120-88-10926,12월,"(06178)  서울특별시 강남구 삼성로 434   13층(대치동, 쥬비스타워)",2014-04-05,"이재은 대리
(010-2222-4324)"
키밸류벤처스,02-517-7685,02-557-7685,www.kvventures.co.kr,5명 (남:4명/여:1명),128-88-02186,12월,"(06192)  서울특별시 강남구 테헤란로 410 (대치동, 금강타워)   4층 403호",2021-09-27,"장미현 사원
(02-517-7685)"
키움인베스트먼트,02-3430-4800,02-3452-9493,www.kiwoominvest.com,18명 (남:14명/여:4명),120-81-87033,12월,(07331)  서울 영등포구 여의도동   36-1 키움파이낸스스퀘어 빌딩 11층,1999-03-05,"최희윤 과장
(02-3430-4882)"
킹고투자파트너스,02-555-7821,02-555-7820,0,8명 (남:6명/여:2명),861-86-00656,12월,"(06164)  서울특별시 강남구 테헤란로87길 36   (삼성동, 도심공항타워)",2017-08-24,"박별희 대리
(02-555-7821)"
타이거자산운용투자일임,070-4015-8878,070-4332-1630,0,36명 (남:20명/여:16명),220-88-68811,03월,"(06134)  서울특별시 강남구 테헤란로7길 11   3층 301호 (역삼동, 한덕빌딩)",2013-12-01,"황경우 팀장
(010-7254-4547)"
타임와이즈인베스트먼트,02-2017-1416,02-557-1187,www.timewiseinvest.com,15명 (남:9명/여:6명),211-86-91293,12월,"(06145)  서울 강남구 선릉로 551   3층 (역삼동, 새롬빌딩)",2000-02-18,"김옥길 부장
(02-2017-1414)"
타임웍스인베스트먼트,269568081,269568086,0,5명 (남:4명/여:1명),102-88-01905,12월,(06158)  서울특별시 강남구 테헤란로 443   애플트리타워 15층,2020-12-10,"이은선 사원
(02-6956-8085)"
탭엔젤파트너스,02-6247-6858,0,0,4명 (남:3명/여:1명),719-86-01072,12월,"(21999)  인천광역시 연수구 갯벌로 12 (송도동, 미추홀타워(본관))   802호",2018-08-31,"강현진 팀장
(01033605747)"
테일,010-3714-9562,0,tail.company,4명 (남:3명/여:1명),231-87-01981,12월,"(06730)  서울특별시 서초구 강남대로39길 26-1   3층(서초동, 거원빌딩)",2020-09-10,"황진희 매니저
(010-6707-6608)"
토니인베스트먼트,02-6959-9138,02-6959-9134,0,9명 (남:5명/여:4명),117-81-93499,12월,(06180)  서울특별시 강남구 테헤란로 518   4층,2020-04-09,"송철화 상무
(02-6959-9138)"
투썬인베스트,031-706-5494,031-729-9797,0,8명 (남:6명/여:2명),129-86-37855,12월,(13494)  경기도 성남시 분당구 판교역로   경기도 성남시 분당구 판교역로,2009-09-16,"정다솜 대리
(010-7387-3302)"
트랜스링크인베스트먼트,02-558-3501,02-6008-5028,0,14명 (남:9명/여:5명),202-81-66780,12월,(06145)  서울특별시 강남구 선릉로 551   새롬빌딩 5층,2020-11-24,"김해하 팀장
(02-558-3501)"
트루윈창업투자,02-6295-3000,02-6295-3015,aginvest,8명 (남:5명/여:3명),107-85-41371,12월,(24206)  강원 춘천시 신북읍 율문리 946   946 (재)강원테크노파크 100호,2009-12-30,"이유림 대리
(02-6295-3000)"
티비티,070-4488-6140,02-511-5998,0,9명 (남:5명/여:4명),842-81-01339,12월,(06035)  서울특별시 강남구 강남대로152길 20   5층,2018-06-29,"유나라 감사
(010-8736-1312)"
티에스인베스트먼트,02-6250-5700,02-6250-5710,www.tsinvestment.co.kr,18명 (남:15명/여:3명),220-87-61581,12월,(06149)  서울 강남구 선릉로 531   3층 302호(694-9번지),2008-02-14,"김지혜 과장
(0262505714)"
티에스피벤처투자,051-745-8727,051-745-9901,0,5명 (남:4명/여:1명),612-87-01782,12월,(48060)  부산광역시 해운대구 APEC로 17   센텀리더스마크 3901호,2020-05-19,"김병태 대표이사
(010-8727-1220)"
티인베스트먼트,02-568-8581,02-568-8582,0,11명 (남:8명/여:3명),580-86-01173,12월,(06126)  서울특별시 강남구 논현로 543   3층(역삼동),2018-12-18,"우종민 차장
(02-568-8581)"
티지씨케이파트너스,070-4066-1191,070-8299-1191,0,5명 (남:2명/여:3명),201-86-37711,12월,"(06158)  서울특별시 강남구 테헤란로   437 (삼성동, 삼영빌딩 9층)",2014-01-23,"차은주 이사
(070-4066-1195)"
티케인베스트먼트,02-533-0292,0504-045-5194,0,6명 (남:6명/여:0명),606-86-64183,12월,"(06605)  서울특별시 서초구 서초중앙로 160   1003호 (서초동, 법률센터)",2019-12-06,"허정욱 팀장
(010-7229-5194)"
파트너스인베스트먼트,02-6248-7600,02-6248-7612,wwww.partnersi.co.kr/,19명 (남:14명/여:5명),592-87-01101,12월,(06152)  서울특별시 강남구 테헤란로 301   삼정빌딩 7층(역삼동),2000-05-02,"정소영 수석매니저
(02-6248-7615)"
패스트벤처스,02-501-7602,02-517-9661,0,10명 (남:8명/여:2명),437-81-01670,12월,"(06160)  서울특별시 강남구 테헤란로 419   5층(삼성동, 강남파이낸스플라자)",2019-11-18,"김영화 감사
(02-501-7602)"
패스파인더에이치,02-568-9048,02-3453-9903,www.pathfinderh.com,9명 (남:7명/여:2명),459-86-00526,12월,"(06173)  서울특별시 강남구 테헤란로113길 7   (삼성동, 백암아트홀별관 5층)",2016-10-25,"이루지 과장
(02-739-9041)"
팰콘제이파트너스,02-6485-6000,02-6485-6001,www.falconj.co.kr,5명 (남:5명/여:0명),732-86-01911,12월,(06181)  서울특별시 강남구 테헤란로98길 16   8층,2020-06-01,"정우찬 이사
(0264856000)"
펜처인베스트,070-4124-9603,02-790-5636,0,7명 (남:5명/여:2명),186-86-01495,12월,(04417)  서울특별시 용산구 한남대로 130   2층 (한남동),2019-07-31,"윤주영 과장
(070-7609-1446)"
포레스트벤처스,02-569-6066,02-3474-8990,0,7명 (남:6명/여:1명),537-81-02421,12월,"(06175)  서울특별시 강남구 테헤란로108길 25 (대치동, 대동빌딩)   5층",2021-09-01,"정은희 과장
(02-569-6066)"
포스코기술투자,054-281-8486,054-281-8487,posventure.co.kr,38명 (남:30명/여:8명),506-81-26211,12월,(37673)  경상북도 포항시 남구 청암로   87,1997-06-18,"정세미 사원
(02-3457-6357)"
포항공과대학교기술지주,02-6949-3665,0507-0337-7197,postechholdings.com/,9명 (남:6명/여:3명),506-81-80200,12월,"(37673)  경상북도 포항시 남구 청암로 77   2층 208호(지곡동,무은재기념관)",2012-06-12,"이지수 주임
(02-2023-8422)"
퓨처플레이,02-557-1805,02-508-1805,futureplay.co,56명 (남:30명/여:26명),264-81-19908,12월,"(04769)  서울특별시 성동구 왕십리로 83-21 (성수동1가, 아크로서울포레스트)   8F Acro Seoul Forest D-tower, 83-21 Wangsimni-ro, Seongdong-gu, Seoul, Korea",2013-03-28,"조은영 팀장
(025571805)"
프라이머시즌5,1091510451,0,0,6명 (남:3명/여:3명),277-87-00708,12월,(04213)  서울특별시 마포구 마포대로 122   16층,2017-07-21,"김지연 매니저
(01091510451)"
프로디지인베스트먼트,070-8868-7978,070-8868-7978,0,5명 (남:3명/여:2명),796-88-00884,12월,(06147)  서울특별시 강남구 언주로 542   9층(역삼동),2017-12-20,"김성준 부사장
(010-8651-1593)"
프리미어파트너스,02-554-0030,02-554-6442,www.premierpartners.co.kr,29명 (남:21명/여:8명),120-86-86081,12월,"(06176)  서울특별시 강남구 영동대로   416 (대치동, KT&G타워) 2층",2005-09-01,"박서은 과장
(02-554-6144)"
플래티넘기술투자,02-6246-3114,02-6246-3113,www.pltic.co.kr,6명 (남:5명/여:1명),120-81-98374,12월,"(06162)  서울특별시 강남구 테헤란로 409   14층 (삼성동, 동신빌딩)",2000-01-19,"강미옥 팀장
(02-6246-3119)"
플랜에이치벤처스,02-6177-1500,0,www.planhventures.co.kr,6명 (남:5명/여:1명),314-86-66074,12월,(06768)  서울특별시 서초구 양재대로2길 18   플랜에이치벤처스,2019-02-12,"황인국 차장
(010-9868-1142)"
플럭스벤처스,02-3445-8717,02-3445-8716,0,4명 (남:3명/여:1명),813-87-02481,12월,"(06014)  서울특별시 강남구 선릉로152길 12 (청담동, 담빌딩)   B1",2021-12-03,"배상철 대표이사
(010-9083-1096)"
피앤아이인베스트먼트,02-6925-4591,02-6925-4592,0,6명 (남:4명/여:2명),450-81-00086,12월,(06162)  서울특별시 강남구 테헤란로63길 11   이노센스빌딩 13층,2015-03-31,"방주하 부장
(010-9360-0031)"
피앤피인베스트먼트,031-622-3953,031-622-3959,0,13명 (남:10명/여:3명),442-88-01104,12월,(13487)  경기도 성남시 분당구 판교로228번길 15   2동 701호,2018-09-28,"김남정 대표이사
(010-5346-3980)"
필리안벤처투자,1065524320,25984320,0,2명 (남:1명/여:1명),235-86-02078,12월,(06627)  서울특별시 서초구 사임당로 174   502호(강남미래타워),2021-06-21,"이다솜 대표이사
(010-6552-4320)"
하나벤처스,02-2006-6000,02-565-3439,www.hanaventures.co.kr,23명 (남:14명/여:9명),595-87-01153,12월,(06169)  서울특별시 강남구 테헤란로 509   (삼성동 엔씨타워I) 8F,2018-10-04,"이진희 차장
(02-2006-6012)"
하이투자파트너스,02-761-8600,02-6959-3352,www.srvc.co.kr,9명 (남:7명/여:2명),105-88-08440,12월,"(06169)  서울특별시 강남구 테헤란로 513 (삼성동, 삼성동 K타워)   5층",2014-08-29,"이은혜 팀장
(02-761-8600)"
한국가치투자,061-285-7300,061-285-7027,0,5명 (남:4명/여:1명),894-87-02307,12월,(58747)  전라남도 목포시 원형동로 16 (상동)   3층,2021-11-11,"정필완 전무
(010-2747-2440)"
한국벤처투자,02-2156-2000,02-2156-2001,www.k-vic.co.kr,113명 (남:82명/여:31명),120-86-02742,12월,(06595)  서울시 서초구 서초대로 45길   16 VR빌딩 5층,2000-03-31,"이혜지 심사역
(02-2156-0000)"
한국투자파트너스,02-6001-5300,02-6001-5301,www.kipvc.com,96명 (남:64명/여:32명),116-81-15980,12월,(06164)  서울특별시 강남구 영동대로 517   아셈타워 1001호,1986-11-25,"김창호 이사
(02-6001-5306)"
한빛인베스트먼트,02-521-7141,02-521-7144,www.hbic.co.kr,6명 (남:4명/여:2명),601-81-19183,12월,"(06724)  서울특별시 서초구 남부순환로 2495 원림빌딩   2498, 10",1999-04-11,"임화자 이사
(025210075)"
한세예스24파트너스,02-3755-2122,0,0,3명 (남:2명/여:1명),121-87-01724,12월,"(07242)  서울특별시 영등포구 은행로 30   본관 10층(여의도동, 중소기업회관)",2020-08-10,"곽효경 주임
(02-3775-2125)"
한화투자증권,02-3772-7457,02-3772-7686,www.hanwhawm.com,13명 (남:11명/여:2명),116-81-19031,12월,(07325)  서울시 영등포구 여의대로 56   한화증권빌딩,1962-07-19,"장선희 과장
(02-3772-7457)"
해시드벤처스,1051931756,30334455655,0,12명 (남:10명/여:2명),508-81-42333,12월,(06232)  서울특별시 강남구 테헤란로4길 14   3층,2020-08-25,"박영란 부장
(01051931756)"
허드슨헨지인베스트먼트,070-8873-8558,02-561-5123,0,4명 (남:4명/여:0명),822-81-02241,12월,"(06071)  서울특별시 강남구 영동대로 741 (청담동, 은성빌딩)   11층",2021-11-23,"오재준 부사장
(010-3290-6932)"
현대기술투자,02-728-8881,02-728-8999,www.hvic.co.kr,18명 (남:12명/여:6명),202-81-58790,12월,(06163)  서울특별시 강남구 삼성로 566   빌딩M 5층,1997-04-08,"김은영 상무
(02-728-8963)"
